id,title,category,used,posted_date,posted_at,facebook_post_id
1,Thịt kho trứng,gia_dinh,false,,,
2,Cá kho tộ,gia_dinh,false,,,
3,Gà rang gừng,gia_dinh,true,2026-09-21,2026-09-21T04:52:02.614Z,1358329424025816_122103970515481989
4,Sườn xào chua ngọt,gia_dinh,false,,,
5,Canh chua cá,mon_nuoc,false,,,
6,Canh bí đỏ nấu xương,mon_nuoc,false,,,
7,Bò lúc lắc,gia_dinh,false,,,
8,Đậu phụ sốt cà chua,chay,false,,,
9,Nấm kho tiêu,chay,false,,,
10,Rau củ xào nấm,chay,false,,,
11,Bún riêu cua,mon_nuoc,false,,,
12,Phở gà đơn giản,mon_nuoc,false,,,
13,Mì xào bò,mon_soi,false,,,
14,Miến gà,mon_nuoc,false,,,
15,Tôm rang thịt,hai_san,false,,,
16,Mực xào cần tỏi,hai_san,false,,,
17,Cá hấp gừng hành,hai_san,false,,,
18,Tôm hấp sả,hai_san,false,,,
19,Gà chiên nước mắm,chien,false,,,
20,Nem rán,chien,false,,,
21,Khoai tây chiên giòn,an_vat,false,,,
22,Bánh tráng trộn,an_vat,false,,,
23,Chân gà sả tắc,an_vat,false,,,
24,Ngô xào bơ,an_vat,false,,,
25,Bò nướng lá lốt,nuong,false,,,
26,Gà nướng mật ong,nuong,false,,,
27,Sườn nướng mật ong,nuong,false,,,
28,Ba chỉ nướng sả,nuong,false,,,
29,Lẩu thái hải sản,mon_nuoc,false,,,
30,Lẩu gà lá é,mon_nuoc,false,,,
31,Cháo gà,mon_nuoc,false,,,
32,Súp gà ngô non,mon_nuoc,false,,,
33,Cơm rang dưa bò,gia_dinh,false,,,
34,Cơm gà xối mỡ,gia_dinh,false,,,
35,Trứng cuộn rau củ,gia_dinh,false,,,
36,Thịt băm hấp trứng,gia_dinh,false,,,
37,Bánh xèo miền Nam,banh,false,,,
38,Bánh chuối áp chảo,banh,false,,,
39,Bánh flan,trang_mieng,false,,,
40,Chè đậu xanh,trang_mieng,false,,,
41,Chè bưởi,trang_mieng,false,,,
42,Sữa chua trái cây,trang_mieng,false,,,
43,Sinh tố xoài,do_uong,false,,,
44,Trà đào cam sả,do_uong,false,,,
45,Nước chanh sả mật ong,do_uong,false,,,
46,Salad gà xé,rau_cu,false,,,
47,Gỏi cuốn tôm thịt,rau_cu,false,,,
48,Gỏi gà bắp cải,rau_cu,false,,,
49,Cà tím nướng mỡ hành,chay,false,,,
50,Đậu hũ kho nấm,chay,false,,,
